"","studies"
"social",0.37
"cultural",0.35
"fields",0.33
"queer",0.32
"associate",0.31
"interdisciplinary",0.31
"religious",0.3
"sociology",0.3
"conflicts",0.29
"donors",0.29
"drawing",0.29
"inspiration",0.29
"redd",0.29
"rocky",0.29
"scholars",0.29
"viewpoints",0.29
"fast",0.28
"output",0.28
"perspective",0.28
"schools",0.28
"film",0.27
"medical",0.27
"nomination",0.27
"ref",0.27
"sexuality",0.27
"bisexual",0.26
"choose",0.26
"dis",0.26
"evolve",0.26
"finger",0.26
"gay",0.26
"geneva",0.26
"gratuity",0.26
"hubert",0.26
"lakes",0.26
"lesbian",0.26
"lgbt",0.26
"pulteney",0.26
"reformulation",0.26
"stern",0.26
"transgender",0.26
"transgendered",0.26
"research",0.25
"together",0.25
"william",0.25
"especially",0.24
"fringe",0.24
"hobart",0.24
"hong",0.24
"kong",0.24
