"","technical"
"assignment",0.36
"communication",0.34
"agencies",0.31
"brittain",0.31
"businesses",0.31
"considering",0.31
"consulting",0.31
"express",0.31
"governmental",0.31
"internationalintercultural",0.31
"ngos",0.31
"ntt",0.31
"parity",0.31
"pectation",0.31
"professional",0.31
"quantitative",0.31
"reallocated",0.31
"relative",0.31
"rhetoricdesign",0.31
"richly",0.31
"subsequent",0.31
"tailored",0.31
"techcomm",0.31
"user",0.31
"winter",0.31
"wolfe",0.31
"writingcomm",0.31
"writingresearch",0.31
"zachary",0.31
"zwolfe",0.31
"usu",0.3
"aeronautical",0.29
"embry",0.29
"gatech",0.29
"riddle",0.29
"gwu",0.28
"instructor",0.28
"logan",0.28
"uwp",0.28
"scientific",0.26
"writing",0.26
"alexander",0.25
"composition",0.23
"editing",0.23
"lmc",0.23
"oregon",0.22
"production",0.22
"accruing",0.21
"artman",0.21
"artmanm",0.21
