"","composition"
"rhetoric",0.71
"writing",0.42
"professional",0.34
"literacy",0.33
"firstyear",0.32
"program",0.29
"pedagogy",0.28
"appointees",0.27
"comprised",0.27
"denney",0.27
"dewitt",0.27
"google",0.27
"cah",0.26
"energy",0.26
"ewardle",0.26
"finalized",0.26
"jobswithucf",0.26
"targeted",0.26
"ucf",0.26
"wardle",0.26
"writingandrhetoric",0.26
"columbus",0.25
"surrounding",0.25
"undergraduate",0.25
"academicyear",0.24
"affordability",0.24
"annualsecurityreport",0.24
"baltimorewashington",0.24
"beautifully",0.24
"campussafety",0.24
"candidacies",0.24
"centrality",0.24
"constellations",0.24
"county",0.24
"documents",0.24
"employmentycp",0.24
"eotitleix",0.24
"exceeds",0.24
"facultystudent",0.24
"groomed",0.24
"holistic",0.24
"hsu",0.24
"httpssecureinterfoliocomapply",0.24
"httpwww",0.24
"httpwwwycp",0.24
"httpwwwycpofficesservicescampussafety",0.24
"landscaped",0.24
"meticulously",0.24
"officesservices",0.24
"peer",0.24
