"","rhetoric"
"composition",0.71
"writing",0.5
"rhetorical",0.47
"professional",0.44
"technical",0.34
"communication",0.32
"mason",0.32
"eyman",0.31
"fairfax",0.31
"msn",0.31
"slated",0.31
"program",0.3
"related",0.3
"rhetorics",0.3
"analysis",0.29
"cah",0.29
"ewardle",0.29
"finalized",0.29
"targeted",0.29
"wardle",0.29
"writingandrhetoric",0.29
"design",0.28
"discourse",0.28
"freestanding",0.27
"jobswithucf",0.27
"literacy",0.27
"minor",0.27
"theory",0.27
"visual",0.27
"ethnography",0.26
"instructors",0.26
"semiotics",0.26
"ucf",0.26
"first",0.25
"gmu",0.25
"appointees",0.24
"attached",0.24
"civic",0.24
"comprised",0.24
"concentration",0.24
"denney",0.24
"dewitt",0.24
"douglas",0.24
"employs",0.24
"google",0.24
"immediate",0.24
"meet",0.24
"opportunities",0.24
"womans",0.24
"develop",0.23
