"","ecology"
"cad",0.71
"capital",0.71
"carolinas",0.71
"communicative",0.71
"construed",0.71
"designing",0.71
"determined",0.71
"extant",0.71
"geography",0.71
"geology",0.71
"geometry",0.71
"interactingwithprint",0.71
"interfaces",0.71
"justify",0.71
"mining",0.71
"mole",0.71
"montreal",0.71
"physics",0.71
"pseudoscience",0.71
"reorient",0.71
"researches",0.71
"tom",0.71
"transportation",0.71
"zoology",0.71
"interacting",0.63
"print",0.63
"team",0.53
"allowance",0.5
"biology",0.5
"concerns",0.5
"dimension",0.5
"economics",0.5
"industrial",0.5
"interact",0.5
"lists",0.5
"mountains",0.5
"psychology",0.5
"researchers",0.5
"rivers",0.5
"tools",0.5
"mcgill",0.47
"fellow",0.42
"heritage",0.41
"larger",0.41
"sophisticated",0.41
"subfields",0.41
"south",0.39
"decisions",0.35
"familiar",0.35
"johnson",0.35
